date,week,time_of_day,enclosure,taxon,counts,num_lengths,avg_length_um,sd_length_um,avg_length_mm,sd_length_mm,conversion_factor,counts/L
26.04.2023,1,D,E01,N,328,100,163.739,51.50823195,0.163739,0.051508232,2.767910679,118.5009337
26.04.2023,1,D,E01,cyclo. Cop.,117,100,494.555,109.8171532,0.494555,0.109817153,2.767910679,42.27015014
26.04.2023,1,D,E01,Eud. Cop.,52,52,481.8326923,118.3367308,0.481832692,0.118336731,2.767910679,18.7867334
26.04.2023,1,D,E01,E.g.,15,15,791.0666667,72.50381928,0.791066667,0.072503819,2.767910679,5.419250018
26.04.2023,1,D,E01,C. Spp.,9,9,904.4111111,169.5059987,0.904411111,0.169505999,2.767910679,3.251550011
26.04.2023,1,D,E02,N,358,100,179.558,57.75848388,0.179558,0.057758484,5.572632447,64.24252871
26.04.2023,1,D,E02,E.g.,84,84,894.8369048,66.66687691,0.894836905,0.066666877,5.572632447,15.07366596
26.04.2023,1,D,E02,Eud. Cop.,130,100,459.097,77.23256817,0.459097,0.077232568,5.572632447,23.32829255
26.04.2023,1,D,E02,cyclo. Cop.,35,35,478.4257143,94.85485613,0.478425714,0.094854856,5.572632447,6.280694148
26.04.2023,1,D,E02,C. Spp.,19,19,1002.178947,135.6888744,1.002178947,0.135688874,5.572632447,3.40951968
26.04.2023,1,D,E02,B.l.,2,2,477.55,48.71965722,0.47755,0.048719657,5.572632447,0.358896808
26.04.2023,1,D,E07,N,211,100,233.814,63.86483679,0.233814,0.063864837,4.728809038,44.62011435
26.04.2023,1,D,E07,E.g.,119,100,834.468,55.47868984,0.834468,0.05547869,4.728809038,25.16489861
26.04.2023,1,D,E07,Eud. Cop.,122,100,419.002,56.05475134,0.419002,0.056054751,4.728809038,25.79930782
26.04.2023,1,D,E07,cyclo. Cop.,40,40,515.6925,104.6759355,0.5156925,0.104675936,4.728809038,8.45878945
26.04.2023,1,D,E07,C. Spp.,14,14,780.9428571,120.5451126,0.780942857,0.120545113,4.728809038,2.960576307
26.04.2023,1,D,E07,B.c.,1,1,423.2,0,0.4232,0,4.728809038,0.211469736
26.04.2023,1,D,E07,B.l.,3,3,337.2,32.48461174,0.3372,0.032484612,4.728809038,0.634409209
26.04.2023,1,D,E08,N,310,100,238.574,54.01803406,0.238574,0.054018034,29.18836142,10.62067156
26.04.2023,1,D,E08,E.g.,6,6,823.3,170.7048916,0.8233,0.170704892,29.18836142,0.205561385
26.04.2023,1,D,E08,Eud. Cop.,94,94,414.156383,63.67387601,0.414156383,0.063673876,29.18836142,3.220461699
26.04.2023,1,D,E08,cyclo. Cop.,14,14,480.5071429,78.08631776,0.480507143,0.078086318,29.18836142,0.479643232
26.04.2023,1,D,E08,C. Spp.,1,1,949.5,0,0.9495,0,29.18836142,0.034260231
26.04.2023,1,D,E08,B.l.,103,100,309.86,53.24197478,0.30986,0.053241975,29.18836142,3.528803777
26.04.2023,1,D,E08,Alona Spp.,1,1,252.3,0,0.2523,0,29.18836142,0.034260231
26.04.2023,1,D,E09,N,209,100,212.067,62.79411935,0.212067,0.062794119,9.723790561,21.49367561
26.04.2023,1,D,E09,E.g.,101,100,845.518,100.7595191,0.845518,0.100759519,9.723790561,10.38689587
26.04.2023,1,D,E09,Eud. Cop.,47,46,458.6891304,86.09464618,0.45868913,0.086094646,9.723790561,4.833505998
26.04.2023,1,D,E09,cyclo. Cop.,13,13,490.5461538,88.87623994,0.490546154,0.08887624,9.723790561,1.336927191
26.04.2023,1,D,E09,C. Spp.,3,3,1069.233333,97.40232715,1.069233333,0.097402327,9.723790561,0.308521659
26.04.2023,1,D,E09,B.l.,10,10,383.31,87.64630245,0.38331,0.087646302,9.723790561,1.028405532
26.04.2023,1,D,E10,N,1044,100,186.029,51.34813304,0.186029,0.051348133,7.275853187,143.4883268
26.04.2023,1,D,E10,E.g.,97,97,792.7402062,80.70411449,0.792740206,0.080704114,7.275853187,13.33176983
26.04.2023,1,D,E10,Eud. Cop.,75,75,447.8746667,61.1254052,0.447874667,0.061125405,7.275853187,10.30806945
26.04.2023,1,D,E10,cyclo. Cop.,171,100,521.027,114.8103899,0.521027,0.11481039,7.275853187,23.50239836
26.04.2023,1,D,E10,C. Spp.,22,22,978.5136364,141.7811872,0.978513636,0.141781187,7.275853187,3.023700373
26.04.2023,1,D,E10,B.l.,20,20,369.63,95.78760551,0.36963,0.095787606,7.275853187,2.748818521
26.04.2023,1,D,E10,Cerio. Quad.,1,1,432,0,0.432,0,7.275853187,0.137440926
26.04.2023,1,D,E10,Chid. Sphaericus,2,2,283.9,47.09331163,0.2839,0.047093312,7.275853187,0.274881852
26.04.2023,1,D,E12,N,598,100,191.759,65.1526926,0.191759,0.065152693,11.64009087,51.37416938
26.04.2023,1,D,E12,E.g.,31,31,837.0612903,98.79839633,0.83706129,0.098798396,11.64009087,2.66320945
26.04.2023,1,D,E12,Eud. Cop.,74,74,470.4662162,87.01979507,0.470466216,0.087019795,11.64009087,6.357338686
26.04.2023,1,D,E12,cyclo. Cop.,134,100,518.372,136.8611337,0.518372,0.136861134,11.64009087,11.51193762
26.04.2023,1,D,E12,C. Spp.,8,8,953.625,81.99421147,0.953625,0.081994211,11.64009087,0.687279858
26.04.2023,1,D,E12,B.l.,4,4,401.425,194.8213776,0.401425,0.194821378,11.64009087,0.343639929
26.04.2023,1,D,E12,Chid. Sphaericus,6,6,281.7333333,32.18743026,0.281733333,0.03218743,11.64009087,0.515459893
26.04.2023,1,D,E14,N,373,100,177.344,47.83481324,0.177344,0.047834813,8.622289533,43.25997156
26.04.2023,1,D,E14,E.g.,36,36,801.5416667,100.5148528,0.801541667,0.100514853,8.622289533,4.175225137
26.04.2023,1,D,E14,Eud. Cop.,122,100,506.511,81.38770524,0.506511,0.081387705,8.622289533,14.14937408
26.04.2023,1,D,E14,cyclo. Cop.,123,100,520.761,98.28296696,0.520761,0.098282967,8.622289533,14.26535255
26.04.2023,1,D,E14,C. Spp.,8,8,887.425,101.530372,0.887425,0.101530372,8.622289533,0.927827808
26.04.2023,1,D,E14,B.l.,5,5,209.14,17.48736687,0.20914,0.017487367,8.622289533,0.57989238
26.04.2023,1,D,E16,N,347,100,191.498,59.71214786,0.191498,0.059712148,4.12638142,84.09305023
26.04.2023,1,D,E16,cyclo. Cop.,146,100,476.972,117.8150889,0.476972,0.117815089,4.12638142,35.3820903
26.04.2023,1,D,E16,Eud. Cop.,42,42,520.2619048,79.68074086,0.520261905,0.079680741,4.12638142,10.17840954
26.04.2023,1,D,E16,E.g.,14,14,823.2214286,94.97256429,0.823221429,0.094972564,4.12638142,3.39280318
26.04.2023,1,D,E16,C. Spp.,10,10,1062.42,133.47941,1.06242,0.13347941,4.12638142,2.423430843
26.04.2023,1,D,E16,Harpacticoid,1,1,446.7,0,0.4467,0,4.12638142,0.242343084
26.04.2023,1,D,E17,N,459,100,169.761,56.70865983,0.169761,0.05670866,10.5846037,43.36487344
26.04.2023,1,D,E17,E.g.,29,29,829.0068966,61.34083312,0.829006897,0.061340833,10.5846037,2.739828605
26.04.2023,1,D,E17,Eud. Cop.,87,87,458.3471264,67.21675947,0.458347126,0.067216759,10.5846037,8.219485816
26.04.2023,1,D,E17,cyclo. Cop.,135,100,472.906,97.4207192,0.472906,0.097420719,10.5846037,12.75437454
26.04.2023,1,D,E17,C. Spp.,8,8,1014.75,142.7429858,1.01475,0.142742986,10.5846037,0.755814788
26.04.2023,1,D,E17,Alona spp.,2,2,209.3,35.35533906,0.2093,0.035355339,10.5846037,0.188953697
26.04.2023,1,D,E17,B.l.,3,3,303.2666667,56.36189611,0.303266667,0.056361896,10.5846037,0.283430545
26.04.2023,1,D,E17,Chid. Sphaericus,3,3,303.2333333,51.54661321,0.303233333,0.051546613,10.5846037,0.283430545
26.04.2023,1,D,E18,N,252,100,240.936,68.20200909,0.240936,0.068202009,11.51903902,21.87682493
26.04.2023,1,D,E18,E.g.,6,6,881.55,33.58920958,0.88155,0.03358921,11.51903902,0.520876784
26.04.2023,1,D,E18,E.l.,1,1,901.2,0,0.9012,0,11.51903902,0.086812797
26.04.2023,1,D,E18,Eud. Cop.,102,100,461.169,81.20961616,0.461169,0.081209616,11.51903902,8.854905327
26.04.2023,1,D,E18,cyclo. Cop.,14,14,474.7428571,103.973678,0.474742857,0.103973678,11.51903902,1.215379163
26.04.2023,1,D,E18,C. Spp.,2,2,1033.05,398.1718285,1.03305,0.398171828,11.51903902,0.173625595
26.04.2023,1,D,E18,B.c.,1,1,491.2,0,0.4912,0,11.51903902,0.086812797
26.04.2023,1,D,E18,B.l.,11,11,287.0545455,50.66269562,0.287054545,0.050662696,11.51903902,0.954940771
26.04.2023,1,D,E19,N,976,100,186.97,62.19844991,0.18697,0.06219845,19.01717455,51.32202985
26.04.2023,1,D,E19,E.g.,59,59,851.9711864,80.9313205,0.851971186,0.080931321,19.01717455,3.102458772
26.04.2023,1,D,E19,Eud. Cop.,121,100,463.306,92.4473083,0.463306,0.092447308,19.01717455,6.362669685
26.04.2023,1,D,E19,cyclo. Cop.,81,81,527.337037,158.0279607,0.527337037,0.158027961,19.01717455,4.259307805
26.04.2023,1,D,E19,C. Spp.,33,33,979.1454545,92.12336189,0.979145455,0.092123362,19.01717455,1.73527355
26.04.2023,1,D,E19,Alona spp.,2,2,208.45,23.54665581,0.20845,0.023546656,19.01717455,0.105168094
26.04.2023,1,D,E23,N,509,100,229.072,63.21162801,0.229072,0.063211628,6.783150928,75.03887284
26.04.2023,1,D,E23,E.g.,163,100,910.56,49.3480056,0.91056,0.049348006,6.783150928,24.0301302
26.04.2023,1,D,E23,Eud. Cop.,151,100,474.633,64.21454264,0.474633,0.064214543,6.783150928,22.26104086
26.04.2023,1,D,E23,cyclo. Cop.,100,100,498.932,109.7801245,0.498932,0.109780124,6.783150928,14.74241117
26.04.2023,1,D,E23,C. Spp.,22,22,979.5409091,91.10148532,0.979540909,0.091101485,6.783150928,3.243330457
26.04.2023,1,D,E23,B.l.,4,4,376.725,57.09006773,0.376725,0.057090068,6.783150928,0.589696447
26.04.2023,1,D,E24,N,245,100,193.28,60.27252251,0.19328,0.060272523,3.567843945,68.66892269
26.04.2023,1,D,E24,cyclo. Cop.,125,100,479.273,105.7993163,0.479273,0.105799316,3.567843945,35.03516464
26.04.2023,1,D,E24,Eud. Cop.,30,30,499.7266667,77.35151263,0.499726667,0.077351513,3.567843945,8.408439512
26.04.2023,1,D,E24,E.g.,18,18,801.7,112.2047655,0.8017,0.112204766,3.567843945,5.045063707
26.04.2023,1,D,E24,B.l.,8,8,315.4375,44.78060605,0.3154375,0.044780606,3.567843945,2.242250537
26.04.2023,1,D,E24,C. Spp.,3,3,908.4666667,54.49599374,0.908466667,0.054495994,3.567843945,0.840843951
26.04.2023,1,D,E24,B.c.,2,2,476.15,1.48492424,0.47615,0.001484924,3.567843945,0.560562634
26.04.2023,1,D,E24,Chid. Sphaericus,2,2,272.9,41.15361467,0.2729,0.041153615,3.567843945,0.560562634
26.04.2023,1,D,L01,N,215,100,228.213,84.00452568,0.228213,0.084004526,17.49942506,12.28611793
26.04.2023,1,D,L01,E.g.,8,8,904.5125,68.84766699,0.9045125,0.068847667,17.49942506,0.457157876
26.04.2023,1,D,L01,E.l.,14,14,975.1285714,91.1240273,0.975128571,0.091124027,17.49942506,0.800026284
26.04.2023,1,D,L01,Eud. Cop.,43,43,540.5860465,104.6620902,0.540586047,0.10466209,17.49942506,2.457223586
26.04.2023,1,D,L01,Daphnia longispina,1,1,449.3,0,0.4493,0,17.49942506,0.057144735
26.04.2023,1,D,L01,cyclo. Cop.,131,100,531.742,76.12385201,0.531742,0.076123852,17.49942506,7.485960226
26.04.2023,1,D,L01,B.c.,30,30,395.9633333,66.64516685,0.395963333,0.066645167,17.49942506,1.714342037
26.04.2023,1,D,L01,B.l.,18,18,357.2222222,46.34961204,0.357222222,0.046349612,17.49942506,1.028605222
03.05.2023,2,D,E01,N,412,100,189.959,63.38757023,0.189959,0.06338757,4.151866019,99.23248922
03.05.2023,2,D,E01,cyclo. Cop.,101,100,562.176,151.0196001,0.562176,0.1510196,4.151866019,24.32641119
03.05.2023,2,D,E01,Eud. Cop.,78,78,546.2589744,95.78569483,0.546258974,0.095785695,4.151866019,18.7867334
03.05.2023,2,D,E01,E.g.,17,17,861.5647059,73.29507096,0.861564706,0.073295071,4.151866019,4.094544458
03.05.2023,2,D,E01,C. Spp.,3,3,1027.9,120.1017485,1.0279,0.120101749,4.151866019,0.722566669
03.05.2023,2,D,E01,B.c.,1,1,488.7,0,0.4887,0,4.151866019,0.240855556
03.05.2023,2,D,E01,Diaphanosoma,1,1,280.7,0,0.2807,0,4.151866019,0.240855556
03.05.2023,2,D,E02,N,374,100,226.373,68.16351975,0.226373,0.06816352,5.572632447,67.11370318
03.05.2023,2,D,E02,Eud. Cop.,138,100,575.27,112.2539964,0.57527,0.112253996,5.572632447,24.76387978
03.05.2023,2,D,E02,cyclo. Cop.,36,36,570.7888889,157.9092647,0.570788889,0.157909265,5.572632447,6.460142552
03.05.2023,2,D,E02,E.g.,31,31,968.4290323,59.91116309,0.968429032,0.059911163,5.572632447,5.562900531
03.05.2023,2,D,E02,C. Spp.,7,7,1116.585714,95.92310164,1.116585714,0.095923102,5.572632447,1.25613883
03.05.2023,2,D,E02,Diaphanosoma,2,2,348.9,35.77960313,0.3489,0.035779603,5.572632447,0.358896808
03.05.2023,2,D,E02,B.c.,1,1,538.7,0,0.5387,0,5.572632447,0.179448404
03.05.2023,2,D,E07,N,125,100,243.812,64.46999033,0.243812,0.06446999,3.546606778,35.24495604
03.05.2023,2,D,E07,Eud. Cop.,150,100,477.378,88.34033086,0.477378,0.088340331,3.546606778,42.29394725
03.05.2023,2,D,E07,cyclo. Cop.,12,12,570.6083333,100.4946625,0.570608333,0.100494663,3.546606778,3.38351578
03.05.2023,2,D,E07,E.g.,10,10,881.16,52.66291548,0.88116,0.052662915,3.546606778,2.819596483
03.05.2023,2,D,E08,N,217,100,262.732,62.5907759,0.262732,0.062590776,29.18836142,7.434470093
03.05.2023,2,D,E08,E.g.,1,1,804.2,0,0.8042,0,29.18836142,0.034260231
03.05.2023,2,D,E08,Eud. Cop.,109,100,503.284,82.01743559,0.503284,0.082017436,29.18836142,3.734365162
03.05.2023,2,D,E08,Alona spp.,6,6,313.9833333,41.11663491,0.313983333,0.041116635,29.18836142,0.205561385
03.05.2023,2,D,E08,cyclo. Cop.,15,15,539.4,120.3146529,0.5394,0.120314653,29.18836142,0.513903463
03.05.2023,2,D,E08,C. Spp.,1,1,1028.9,0,1.0289,0,29.18836142,0.034260231
03.05.2023,2,D,E08,B.c.,2,2,394.05,12.37436867,0.39405,0.012374369,29.18836142,0.068520462
03.05.2023,2,D,E08,B.l.,69,69,294.2318841,54.62298992,0.294231884,0.05462299,29.18836142,2.363955928
03.05.2023,2,D,E08,Diaphanosoma,1,1,412.6,0,0.4126,0,29.18836142,0.034260231
03.05.2023,2,D,E09,N,297,100,183.648,51.27243826,0.183648,0.051272438,17.50282301,16.96869127
03.05.2023,2,D,E09,E.g.,13,13,848.2923077,93.01819232,0.848292308,0.093018192,17.50282301,0.742737328
03.05.2023,2,D,E09,Eud. Cop.,105,100,544.222,133.7885989,0.544222,0.133788599,17.50282301,5.999032267
03.05.2023,2,D,E09,cyclo. Cop.,13,12,494.5416667,103.8710517,0.494541667,0.103871052,17.50282301,0.742737328
03.05.2023,2,D,E09,B.l.,6,6,329.7666667,74.77739409,0.329766667,0.074777394,17.50282301,0.342801844
03.05.2023,2,D,E09,Cerio. Quad.,9,9,378.5777778,112.7639213,0.378577778,0.112763921,17.50282301,0.514202766
03.05.2023,2,D,E10,N,603,100,198.791,62.77385915,0.198791,0.062773859,6.614411989,91.16456626
03.05.2023,2,D,E10,cyclo. Cop.,189,100,437.718,67.71146059,0.437718,0.067711461,6.614411989,28.57396853
03.05.2023,2,D,E10,Eud. Cop.,170,100,438.407,67.86383315,0.438407,0.067863833,6.614411989,25.70145317
03.05.2023,2,D,E10,E.g.,87,87,796.8114943,88.07784932,0.796811494,0.088077849,6.614411989,13.15309662
03.05.2023,2,D,E10,B.l.,16,16,329.55625,64.95708295,0.32955625,0.064957083,6.614411989,2.418960299
03.05.2023,2,D,E10,C. Spp.,6,6,905.7,110.1614815,0.9057,0.110161481,6.614411989,0.907110112
03.05.2023,2,D,E10,Chid. Sphaericus,6,6,353.7666667,72.27078709,0.353766667,0.072270787,6.614411989,0.907110112
03.05.2023,2,D,E10,B.c.,2,2,464.8,28.99137803,0.4648,0.028991378,6.614411989,0.302370037
03.05.2023,2,D,E10,D. longispina,1,1,540.5,0,0.5405,0,6.614411989,0.151185019
03.05.2023,2,D,E12,N,222,100,210.176,63.00822316,0.210176,0.063008223,7.76006058,28.60802409
03.05.2023,2,D,E12,cyclo. Cop.,138,100,481.2,108.8470255,0.4812,0.108847025,7.76006058,17.78336633
03.05.2023,2,D,E12,Eud. Cop.,67,67,464.6014925,66.90901215,0.464601493,0.066909012,7.76006058,8.633953216
03.05.2023,2,D,E12,E.g.,30,30,778.6933333,103.4657896,0.778693333,0.10346579,7.76006058,3.865949201
03.05.2023,2,D,E12,C. Spp.,16,16,897.23125,87.2023602,0.89723125,0.08720236,7.76006058,2.061839574
03.05.2023,2,D,E12,Alona spp.,1,1,178.8,0,0.1788,0,7.76006058,0.128864973
03.05.2023,2,D,E12,B.c.,1,1,450.7,0,0.4507,0,7.76006058,0.128864973
03.05.2023,2,D,E12,B.l.,1,1,279.7,0,0.2797,0,7.76006058,0.128864973
03.05.2023,2,D,E12,Chid. Sphaericus,1,1,429.1,0,0.4291,0,7.76006058,0.128864973
03.05.2023,2,D,E14,N,175,100,197.203,56.28880516,0.197203,0.056288805,5.748193022,30.44434996
03.05.2023,2,D,E14,Eud. Cop.,126,100,537.752,92.57613136,0.537752,0.092576131,5.748193022,21.91993197
03.05.2023,2,D,E14,cyclo. Cop.,73,73,568.5890411,121.2921972,0.568589041,0.121292197,5.748193022,12.69964313
03.05.2023,2,D,E14,E.g.,34,34,864.5852941,69.79038369,0.864585294,0.069790384,5.748193022,5.914902278
03.05.2023,2,D,E14,C. Spp.,4,4,948.95,165.9437957,0.94895,0.165943796,5.748193022,0.695870856
03.05.2023,2,D,E14,B.c.,1,1,367.7,0,0.3677,0,5.748193022,0.173967714
03.05.2023,2,D,E14,B.l.,1,1,268.1,0,0.2681,0,5.748193022,0.173967714
03.05.2023,2,D,E14,Diaphanosoma,1,1,312.7,0,0.3127,0,5.748193022,0.173967714
03.05.2023,2,D,E16,N,218,100,210.362,62.34040922,0.210362,0.062340409,4.12638142,52.83079237
03.05.2023,2,D,E16,cyclo. Cop.,100,100,486.327,123.1716572,0.486327,0.123171657,4.12638142,24.23430843
03.05.2023,2,D,E16,Eud. Cop.,99,99,503.9171717,86.92988383,0.503917172,0.086929884,4.12638142,23.99196534
03.05.2023,2,D,E16,E.g.,47,47,857.1914894,104.2568626,0.857191489,0.104256863,4.12638142,11.39012496
03.05.2023,2,D,E16,C. Spp.,4,4,945.575,77.69973724,0.945575,0.077699737,4.12638142,0.969372337
03.05.2023,2,D,E16,B.l.,2,2,311.2,12.02081528,0.3112,0.012020815,4.12638142,0.484686169
03.05.2023,2,D,E16,Cerio. Quad.,2,2,338.25,8.414570696,0.33825,0.008414571,4.12638142,0.484686169
03.05.2023,2,D,E17,N,347,100,191.644,48.16234818,0.191644,0.048162348,10.5846037,32.78346641
03.05.2023,2,D,E17,E.g.,62,62,820.1467742,70.64207569,0.820146774,0.070642076,10.5846037,5.857564604
03.05.2023,2,D,E17,Eud. Cop.,156,100,528.437,85.79248002,0.528437,0.08579248,10.5846037,14.73838836
03.05.2023,2,D,E17,cyclo. Cop.,143,100,539.992,123.8427528,0.539992,0.123842753,10.5846037,13.51018933
03.05.2023,2,D,E17,C. Spp.,11,11,971.0818182,71.53958091,0.971081818,0.071539581,10.5846037,1.039245333
03.05.2023,2,D,E17,B.c.,1,1,702.7,0,0.7027,0,10.5846037,0.094476848
03.05.2023,2,D,E17,B.l.,3,3,328.7333333,16.31573882,0.328733333,0.016315739,10.5846037,0.283430545
03.05.2023,2,D,E17,Chid. Sphaericus,1,1,261.5,0,0.2615,0,10.5846037,0.094476848
03.05.2023,2,D,E18,N,227,100,223.832,59.70888786,0.223832,0.059708888,14.39879878,15.76520399
03.05.2023,2,D,E18,E.g.,13,13,840.6230769,100.0943984,0.840623077,0.100094398,14.39879878,0.902853092
03.05.2023,2,D,E18,Eud. Cop.,134,100,436.484,76.57132375,0.436484,0.076571324,14.39879878,9.306331873
03.05.2023,2,D,E18,Alona spp.,2,2,240.7,28.84995667,0.2407,0.028849957,14.39879878,0.138900476
03.05.2023,2,D,E18,cyclo. Cop.,8,8,495.4625,135.8815129,0.4954625,0.135881513,14.39879878,0.555601903
03.05.2023,2,D,E18,B.l.,21,21,284.4,42.43087319,0.2844,0.042430873,14.39879878,1.458454995
03.05.2023,2,D,E19,N,427,100,177.404,57.27447458,0.177404,0.057274475,9.508587275,44.90677612
03.05.2023,2,D,E19,E.g.,40,40,752.815,84.18402477,0.752815,0.084184025,9.508587275,4.206723758
03.05.2023,2,D,E19,Eud. Cop.,129,100,457.422,90.42554902,0.457422,0.090425549,9.508587275,13.56668412
03.05.2023,2,D,E19,Alona spp.,2,2,226.6,49.49747468,0.2266,0.049497475,9.508587275,0.210336188
03.05.2023,2,D,E19,cyclo. Cop.,30,30,390.6533333,84.38672364,0.390653333,0.084386724,9.508587275,3.155042819
03.05.2023,2,D,E19,C. Spp.,5,5,901.38,69.32198064,0.90138,0.069321981,9.508587275,0.52584047
03.05.2023,2,D,E23,N,289,100,193.231,59.20315767,0.193231,0.059203158,3.391575464,85.21113655
03.05.2023,2,D,E23,Eud. Cop.,123,100,433.123,81.28378378,0.433123,0.081283784,3.391575464,36.26633147
03.05.2023,2,D,E23,cyclo. Cop.,54,54,448.6944444,86.33004116,0.448694444,0.086330041,3.391575464,15.92180406
03.05.2023,2,D,E23,E.g.,22,22,837.7045455,91.86769719,0.837704545,0.091867697,3.391575464,6.486660914
03.05.2023,2,D,E23,C. Spp.,3,3,861.2,158.8402972,0.8612,0.158840297,3.391575464,0.88454467
03.05.2023,2,D,E23,Cerio. Quad.,3,3,446.6,148.9951677,0.4466,0.148995168,3.391575464,0.88454467
03.05.2023,2,D,E23,B.c.,1,1,410.2,0,0.4102,0,3.391575464,0.294848223
03.05.2023,2,D,E23,B.l.,1,1,331.5,0,0.3315,0,3.391575464,0.294848223
03.05.2023,2,D,E24,N,156,100,181.264,61.62836734,0.181264,0.061628367,3.567843945,43.72388546
03.05.2023,2,D,E24,cyclo. Cop.,195,100,506.533,112.8293509,0.506533,0.112829351,3.567843945,54.65485683
03.05.2023,2,D,E24,Eud. Cop.,68,68,501.7897059,82.71747481,0.501789706,0.082717475,3.567843945,19.05912956
03.05.2023,2,D,E24,E.g.,32,32,793.175,100.0407594,0.793175,0.100040759,3.567843945,8.969002147
03.05.2023,2,D,E24,C. Spp.,3,3,964.3,65.97022055,0.9643,0.065970221,3.567843945,0.840843951
03.05.2023,2,D,E24,B.c.,2,2,406.15,81.38799051,0.40615,0.081387991,3.567843945,0.560562634
03.05.2023,2,D,E24,Alona spp.,1,1,248,0,0.248,0,3.567843945,0.280281317
03.05.2023,2,D,E24,B.l.,1,1,283.6,0,0.2836,0,3.567843945,0.280281317
03.05.2023,2,D,L01,N,231,100,248.089,80.38978891,0.248089,0.080389789,13.99954005,16.5005421
03.05.2023,2,D,L01,E.g.,4,4,945.55,41.50811166,0.94555,0.041508112,13.99954005,0.285723673
03.05.2023,2,D,L01,E.l.,11,11,1030.354545,92.43900003,1.030354545,0.092439,13.99954005,0.7857401
03.05.2023,2,D,L01,Eud. Cop.,37,37,609.2081081,115.6691171,0.609208108,0.115669117,13.99954005,2.642943973
03.05.2023,2,D,L01,Eur. Cop.,18,18,708.1222222,125.6885533,0.708122222,0.125688553,13.99954005,1.285756527
03.05.2023,2,D,L01,cyclo. Cop.,112,100,610.558,90.93077751,0.610558,0.090930778,13.99954005,8.000262837
03.05.2023,2,D,L01,B.c.,22,22,425.4545455,64.04593387,0.425454545,0.064045934,13.99954005,1.5714802
03.05.2023,2,D,L01,B.l.,7,7,333.4571429,90.79931823,0.333457143,0.090799318,13.99954005,0.500016427
10.05.2023,3,D,E01,N,262,100,186.492,52.58855865,0.186492,0.052588559,3.321492815,78.88019471
10.05.2023,3,D,E01,cyclo. Cop.,176,100,536.046,118.6884347,0.536046,0.118688435,3.321492815,52.9882224
10.05.2023,3,D,E01,Eud. Cop.,65,65,528.3876923,76.88892457,0.528387692,0.076888925,3.321492815,19.56951395
10.05.2023,3,D,E01,E.g.,57,57,780.1017544,95.50376674,0.780101754,0.095503767,3.321492815,17.16095839
10.05.2023,3,D,E01,C. Spp.,41,41,1140.965854,170.5876631,1.140965854,0.170587663,3.321492815,12.34384726
10.05.2023,3,D,E02,N,204,100,182.621,51.23602997,0.182621,0.05123603,2.786316224,73.21494893
10.05.2023,3,D,E02,Eud. Cop.,166,100,554.533,97.76944748,0.554533,0.097769447,2.786316224,59.5768702
10.05.2023,3,D,E02,E.g.,42,42,913.7452381,96.03675161,0.913745238,0.096036752,2.786316224,15.07366596
10.05.2023,3,D,E02,cyclo. Cop.,12,12,552.3083333,133.5377812,0.552308333,0.133537781,2.786316224,4.306761702
10.05.2023,3,D,E02,C. Spp.,7,7,1081.757143,139.8527661,1.081757143,0.139852766,2.786316224,2.512277659
10.05.2023,3,D,E02,Alona spp.,1,1,684.5,0,0.6845,0,2.786316224,0.358896808
10.05.2023,3,D,E02,Diaphanosoma,1,1,528,0,0.528,0,2.786316224,0.358896808
10.05.2023,3,D,E07,N,70,70,210.8471429,72.15878771,0.210847143,0.072158788,2.364404519,29.60576307
10.05.2023,3,D,E07,Eud. Cop.,115,100,489.327,73.54525557,0.489327,0.073545256,2.364404519,48.63803934
10.05.2023,3,D,E07,E.g.,36,36,802.8833333,86.86560227,0.802883333,0.086865602,2.364404519,15.22582101
10.05.2023,3,D,E07,cyclo. Cop.,10,10,550.41,106.2919193,0.55041,0.106291919,2.364404519,4.229394725
10.05.2023,3,D,E07,Cerio. Quad.,2,2,364.1,55.29575029,0.3641,0.05529575,2.364404519,0.845878945
10.05.2023,3,D,E07,Diaphanosoma,2,2,497,54.02295808,0.497,0.054022958,2.364404519,0.845878945
10.05.2023,3,D,E08,N,92,92,214.101087,66.10682579,0.214101087,0.066106826,14.59418071,6.303882475
10.05.2023,3,D,E08,E.g.,6,6,998.9166667,128.5255215,0.998916667,0.128525521,14.59418071,0.41112277
10.05.2023,3,D,E08,Eud. Cop.,130,100,534.363,121.7083272,0.534363,0.121708327,14.59418071,8.907660019
10.05.2023,3,D,E08,cyclo. Cop.,11,11,530.2181818,140.9999916,0.530218182,0.140999992,14.59418071,0.753725079
10.05.2023,3,D,E08,C. Spp.,1,1,1193,0,1.193,0,14.59418071,0.068520462
10.05.2023,3,D,E08,B.l.,117,100,297.736,58.0189198,0.297736,0.05801892,14.59418071,8.016894017
10.05.2023,3,D,E09,N,211,100,184.202,47.5919503,0.184202,0.04759195,10.93926438,19.28831708
10.05.2023,3,D,E09,E.g.,21,21,898.9952381,68.16391623,0.898995238,0.068163916,10.93926438,1.919690326
10.05.2023,3,D,E09,Eud. Cop.,100,100,542.032,134.2099177,0.542032,0.134209918,10.93926438,9.141382502
10.05.2023,3,D,E09,cyclo. Cop.,8,8,542.2625,157.8440545,0.5422625,0.157844054,10.93926438,0.7313106
10.05.2023,3,D,E09,C. Spp.,1,1,1101.8,0,1.1018,0,10.93926438,0.091413825
10.05.2023,3,D,E09,B.c.,1,1,558.4,0,0.5584,0,10.93926438,0.091413825
10.05.2023,3,D,E09,B.l.,6,6,283.55,36.9864705,0.28355,0.03698647,10.93926438,0.54848295
10.05.2023,3,D,E10,N,310,100,194.824,61.27751927,0.194824,0.061277519,2.425284396,127.8200612
10.05.2023,3,D,E10,Eud. Cop.,112,100,473.573,68.74300384,0.473573,0.068743004,2.425284396,46.18015116
10.05.2023,3,D,E10,cyclo. Cop.,92,92,490.398913,127.8344444,0.490398913,0.127834444,2.425284396,37.93369559
10.05.2023,3,D,E10,E.g.,70,70,799.2971429,95.23885301,0.799297143,0.095238853,2.425284396,28.86259447
10.05.2023,3,D,E10,B.l.,18,18,319.15,49.62799554,0.31915,0.049627996,2.425284396,7.421810007
10.05.2023,3,D,E10,C. Spp.,2,2,1027.9,294.4392637,1.0279,0.294439264,2.425284396,0.824645556
10.05.2023,3,D,E10,B.c.,2,2,445.15,75.44829355,0.44515,0.075448294,2.425284396,0.824645556
10.05.2023,3,D,E10,D. longispina,1,1,1131.6,0,1.1316,0,2.425284396,0.412322778
10.05.2023,3,D,E10,Diaphanosoma,1,1,365,0,0.365,0,2.425284396,0.412322778
10.05.2023,3,D,E10,Chid. Sphaericus,1,1,312,0,0.312,0,2.425284396,0.412322778
10.05.2023,3,D,E12,N,103,100,206.455,63.44769479,0.206455,0.063447695,3.88003029,26.54618451
10.05.2023,3,D,E12,Eud. Cop.,105,100,452.365,58.02513279,0.452365,0.058025133,3.88003029,27.06164441
10.05.2023,3,D,E12,cyclo. Cop.,66,66,544.3727273,115.9010115,0.544372727,0.115901012,3.88003029,17.01017648
10.05.2023,3,D,E12,E.g.,27,27,760.8777778,96.52143777,0.760877778,0.096521438,3.88003029,6.958708562
10.05.2023,3,D,E12,C. Spp.,6,6,860.6333333,75.10650216,0.860633333,0.075106502,3.88003029,1.54637968
10.05.2023,3,D,E12,B.c.,1,1,351.8,0,0.3518,0,3.88003029,0.257729947
10.05.2023,3,D,E14,N,255,100,230.137,58.7968041,0.230137,0.058796804,7.83844503,32.53196253
10.05.2023,3,D,E14,E.g.,85,85,792,77.47480697,0.792,0.077474807,7.83844503,10.84398751
10.05.2023,3,D,E14,Eud. Cop.,201,100,536.476,89.00909399,0.536476,0.089009094,7.83844503,25.64284105
10.05.2023,3,D,E14,cyclo. Cop.,46,46,570.4521739,118.1735122,0.570452174,0.118173512,7.83844503,5.868510887
10.05.2023,3,D,E14,B.c.,2,2,515.55,74.74118677,0.51555,0.074741187,7.83844503,0.255152647
10.05.2023,3,D,E14,Chid. Sphaericus,1,1,383.8,0,0.3838,0,7.83844503,0.127576324
10.05.2023,3,D,E16,N,164,100,193.017,53.1224392,0.193017,0.053122439,3.301105136,49.68033227
10.05.2023,3,D,E16,Eud. Cop.,123,100,469.493,68.11905688,0.469493,0.068119057,3.301105136,37.2602492
10.05.2023,3,D,E16,E.g.,56,56,811.4214286,112.8601898,0.811421429,0.11286019,3.301105136,16.9640159
10.05.2023,3,D,E16,cyclo. Cop.,55,55,520.02,127.689881,0.52002,0.127689881,3.301105136,16.66108704
10.05.2023,3,D,E16,C. Spp.,2,2,1221.9,342.8053675,1.2219,0.342805368,3.301105136,0.605857711
10.05.2023,3,D,E16,B.l.,1,1,433.6,0,0.4336,0,3.301105136,0.302928855
10.05.2023,3,D,E16,Chid. Sphaericus,1,1,484.2,0,0.4842,0,3.301105136,0.302928855
10.05.2023,3,D,E17,N,357,100,211.604,52.38307792,0.211604,0.052383078,7.938452777,44.97097986
10.05.2023,3,D,E17,E.g.,87,87,802.5827586,95.29591026,0.802582759,0.09529591,7.938452777,10.95931442
10.05.2023,3,D,E17,Eud. Cop.,130,100,499.451,84.32028465,0.499451,0.084320285,7.938452777,16.37598707
10.05.2023,3,D,E17,cyclo. Cop.,165,100,567.724,127.6614487,0.567724,0.127661449,7.938452777,20.78490666
10.05.2023,3,D,E17,C. Spp.,20,20,1001.53,115.8450013,1.00153,0.115845001,7.938452777,2.519382625
10.05.2023,3,D,E17,B.c.,1,1,330.3,0,0.3303,0,7.938452777,0.125969131
10.05.2023,3,D,E17,B.l.,4,4,448.75,127.0731154,0.44875,0.127073115,7.938452777,0.503876525
10.05.2023,3,D,E17,Chid. Sphaericus,3,3,265.5333333,27.01561277,0.265533333,0.027015613,7.938452777,0.377907394
10.05.2023,3,D,E18,N,129,100,219.681,61.86028359,0.219681,0.061860284,6.143487478,20.99784535
10.05.2023,3,D,E18,E.g.,90,90,785.6933333,126.0328883,0.785693333,0.126032888,6.143487478,14.64965955
10.05.2023,3,D,E18,Eud. Cop.,165,100,437.846,66.64964998,0.437846,0.06664965,6.143487478,26.85770917
10.05.2023,3,D,E18,cyclo. Cop.,19,19,539.5578947,103.1826984,0.539557895,0.103182698,6.143487478,3.092705905
10.05.2023,3,D,E18,C. Spp.,3,3,944.5,34.82814953,0.9445,0.03482815,6.143487478,0.488321985
10.05.2023,3,D,E18,B.l.,23,23,282.2695652,46.48635611,0.282269565,0.046486356,6.143487478,3.743801885
10.05.2023,3,D,E19,N,428,100,185.239,51.7628643,0.185239,0.051762864,7.131440456,60.01592562
10.05.2023,3,D,E19,E.g.,119,100,777.409,95.06071754,0.777409,0.095060718,7.131440456,16.68667091
10.05.2023,3,D,E19,Eud. Cop.,105,100,424.504,64.15531646,0.424504,0.064155316,7.131440456,14.72353315
10.05.2023,3,D,E19,Alona spp.,2,2,215.4,54.58864351,0.2154,0.054588644,7.131440456,0.280448251
10.05.2023,3,D,E19,cyclo. Cop.,62,62,459.6016129,115.832599,0.459601613,0.115832599,7.131440456,8.693895768
10.05.2023,3,D,E19,C. Spp.,8,8,1054.4,111.7805631,1.0544,0.111780563,7.131440456,1.121793002
10.05.2023,3,D,E23,N,184,100,204.137,53.87858152,0.204137,0.053878582,2.713260371,67.81509137
10.05.2023,3,D,E23,Eud. Cop.,106,100,433.68,58.43854754,0.43368,0.058438548,2.713260371,39.06738959
10.05.2023,3,D,E23,E.g.,99,99,763.7242424,119.3299021,0.763724242,0.119329902,2.713260371,36.48746764
10.05.2023,3,D,E23,cyclo. Cop.,50,50,570.358,124.9774675,0.570358,0.124977468,2.713260371,18.42801396
10.05.2023,3,D,E23,C. Spp.,6,6,860.5833333,144.6577674,0.860583333,0.144657767,2.713260371,2.211361675
10.05.2023,3,D,E23,B.l.,2,2,335.3,54.16437944,0.3353,0.054164379,2.713260371,0.737120558
10.05.2023,3,D,E23,B.c.,1,1,387.7,0,0.3877,0,2.713260371,0.368560279
10.05.2023,3,D,E24,N,118,100,189.161,54.94027776,0.189161,0.054940278,2.854275156,41.34149427
10.05.2023,3,D,E24,cyclo. Cop.,139,100,479.792,102.497708,0.479792,0.102497708,2.854275156,48.69887884
10.05.2023,3,D,E24,Eud. Cop.,64,64,472.6328125,73.96914212,0.472632813,0.073969142,2.854275156,22.42250537
10.05.2023,3,D,E24,E.g.,53,53,770.4509434,129.624589,0.770450943,0.129624589,2.854275156,18.56863726
10.05.2023,3,D,E24,C. Spp.,4,4,922.625,123.2310668,0.922625,0.123231067,2.854275156,1.401406585
10.05.2023,3,D,E24,B.l.,3,3,380.3666667,36.87930766,0.380366667,0.036879308,2.854275156,1.051054939
10.05.2023,3,D,E24,B.c.,2,2,567.65,131.592572,0.56765,0.131592572,2.854275156,0.700703293
10.05.2023,3,D,E24,Alona spp.,1,1,263.2,0,0.2632,0,2.854275156,0.350351646
10.05.2023,3,D,L01,N,258,100,208.127,69.41839604,0.208127,0.069418396,17.49942506,14.74334151
10.05.2023,3,D,L01,E.g.,6,6,844.6,92.61101446,0.8446,0.092611014,17.49942506,0.342868407
10.05.2023,3,D,L01,E.l.,24,24,912.1458333,108.8470046,0.912145833,0.108847005,17.49942506,1.371473629
10.05.2023,3,D,L01,Eud. Cop.,50,50,524.86,103.2959094,0.52486,0.103295909,17.49942506,2.857236728
10.05.2023,3,D,L01,Eur. Cop.,11,11,679.7181818,105.0094074,0.679718182,0.105009407,17.49942506,0.62859208
10.05.2023,3,D,L01,Diaphanosoma,2,2,450.6,13.29360749,0.4506,0.013293607,17.49942506,0.114289469
10.05.2023,3,D,L01,Daphnia longispina,2,2,530.15,79.26667017,0.53015,0.07926667,17.49942506,0.114289469
10.05.2023,3,D,L01,cyclo. Cop.,104,100,518.656,113.277483,0.518656,0.113277483,17.49942506,5.943052393
10.05.2023,3,D,L01,B.c.,30,30,383.47,80.86194344,0.38347,0.080861943,17.49942506,1.714342037
10.05.2023,3,D,L01,B.l.,39,39,311.8615385,58.07792232,0.311861538,0.058077922,17.49942506,2.228644647
17.05.2023,4,D,E01,N,510,100,192.376,49.86913808,0.192376,0.049869138,6.642985631,76.77270859
17.05.2023,4,D,E01,E.g.,112,100,798.158,104.805677,0.798158,0.104805677,6.642985631,16.85988895
17.05.2023,4,D,E01,Eud. Cop.,101,100,530.098,78.04266637,0.530098,0.078042666,6.642985631,15.204007
17.05.2023,4,D,E01,cyclo. Cop.,148,100,555.776,132.0267804,0.555776,0.13202678,6.642985631,22.27913896
17.05.2023,4,D,E01,C. Spp.,23,23,1193.704348,174.2831408,1.193704348,0.174283141,6.642985631,3.462298623
17.05.2023,4,D,E02,N,369,100,196.426,44.78150913,0.196426,0.044781509,6.687158937,55.1803843
17.05.2023,4,D,E02,E.g.,186,100,733.735,94.45763347,0.733735,0.094457633,6.687158937,27.81450266
17.05.2023,4,D,E02,Eud. Cop.,163,100,503.953,60.8056956,0.503953,0.060805696,6.687158937,24.37507491
17.05.2023,4,D,E02,cyclo. Cop.,28,28,561.1964286,145.8352914,0.561196429,0.145835291,6.687158937,4.187129432
17.05.2023,4,D,E02,C. Spp.,8,8,1084.7125,174.9394298,1.0847125,0.17493943,6.687158937,1.196322695
17.05.2023,4,D,E02,B.c.,3,3,346.8666667,48.78620023,0.346866667,0.0487862,6.687158937,0.448621011
17.05.2023,4,D,E02,B.l.,3,3,241.9333333,18.08544535,0.241933333,0.018085445,6.687158937,0.448621011
17.05.2023,4,D,E07,N,263,100,201.401,71.85941591,0.201401,0.071859416,5.674570846,46.34711719
17.05.2023,4,D,E07,E.g.,81,81,777.2962963,94.29231205,0.777296296,0.094292312,5.674570846,14.2742072
17.05.2023,4,D,E07,E.l.,1,1,994.2,0,0.9942,0,5.674570846,0.17622478
17.05.2023,4,D,E07,Eud. Cop.,149,100,445.008,57.44045609,0.445008,0.057440456,5.674570846,26.25749225
17.05.2023,4,D,E07,Alona spp.,1,1,240.3,0,0.2403,0,5.674570846,0.17622478
17.05.2023,4,D,E07,cyclo. Cop.,7,7,532.8142857,165.717706,0.532814286,0.165717706,5.674570846,1.233573461
17.05.2023,4,D,E07,B.l.,1,1,254.6,0,0.2546,0,5.674570846,0.17622478
17.05.2023,4,D,E08,N,83,81,178.3358025,60.6627734,0.178335802,0.060662773,11.67534457,7.1089979
17.05.2023,4,D,E08,E.g.,56,56,801.5553571,131.4030744,0.801555357,0.131403074,11.67534457,4.796432318
17.05.2023,4,D,E08,Eud. Cop.,122,100,450.943,75.98735442,0.450943,0.075987354,11.67534457,10.44937041
17.05.2023,4,D,E08,Alona spp.,2,2,255.55,57.2049386,0.25555,0.057204939,11.67534457,0.171301154
17.05.2023,4,D,E08,cyclo. Cop.,4,3,562.5333333,145.2776078,0.562533333,0.145277608,11.67534457,0.342602308
17.05.2023,4,D,E08,B.l.,78,78,289.0141026,64.18867223,0.289014103,0.064188672,11.67534457,6.680745014
17.05.2023,4,D,E09,N,552,100,188.694,43.01036243,0.188694,0.043010362,24.3094764,22.70719414
17.05.2023,4,D,E09,E.g.,57,57,898.9350877,96.36531588,0.898935088,0.096365316,24.3094764,2.344764612
17.05.2023,4,D,E09,Eud. Cop.,112,100,556.5,125.8450209,0.5565,0.125845021,24.3094764,4.607256781
17.05.2023,4,D,E09,cyclo. Cop.,13,13,470.3615385,127.175309,0.470361538,0.127175309,24.3094764,0.534770876
17.05.2023,4,D,E09,B.l.,13,13,279.0230769,52.56458177,0.279023077,0.052564582,24.3094764,0.534770876
17.05.2023,4,D,E09,Cerio. Quad.,1,1,334.1,0,0.3341,0,24.3094764,0.041136221
17.05.2023,4,D,E10,N,229,100,187.638,58.95348411,0.187638,0.058953484,2.425284396,94.42191621
17.05.2023,4,D,E10,cyclo. Cop.,190,100,513.776,116.1678219,0.513776,0.116167822,2.425284396,78.34132786
17.05.2023,4,D,E10,Eud. Cop.,102,100,440.338,53.17422247,0.440338,0.053174222,2.425284396,42.05692338
17.05.2023,4,D,E10,E.g.,68,68,737.9794118,139.4123868,0.737979412,0.139412387,2.425284396,28.03794892
17.05.2023,4,D,E10,B.l.,15,15,311.2666667,56.96857112,0.311266667,0.056968571,2.425284396,6.184841673
17.05.2023,4,D,E10,C. Spp.,4,4,868.075,76.97174265,0.868075,0.076971743,2.425284396,1.649291113
17.05.2023,4,D,E10,D. longispina,2,2,1052.75,506.359166,1.05275,0.506359166,2.425284396,0.824645556
17.05.2023,4,D,E10,Chid. Sphaericus,3,3,260.7,29.72894213,0.2607,0.029728942,2.425284396,1.236968335
17.05.2023,4,D,E10,Alona spp.,1,1,182.6,0,0.1826,0,2.425284396,0.412322778
17.05.2023,4,D,E10,Diaphanosoma,1,1,679.9,0,0.6799,0,2.425284396,0.412322778
17.05.2023,4,D,E12,N,166,100,201.504,64.17414584,0.201504,0.064174146,7.76006058,21.39158558
17.05.2023,4,D,E12,E.g.,75,75,839.632,117.0573031,0.839632,0.117057303,7.76006058,9.664873003
17.05.2023,4,D,E12,Eud. Cop.,131,100,500.377,76.30323855,0.500377,0.076303239,7.76006058,16.88131151
17.05.2023,4,D,E12,Diaphanosoma,3,3,686.4666667,66.03153287,0.686466667,0.066031533,7.76006058,0.38659492
17.05.2023,4,D,E12,D. longispinpa,1,1,899.2,0,0.8992,0,7.76006058,0.128864973
17.05.2023,4,D,E12,Alona spp.,1,1,589.4,0,0.5894,0,7.76006058,0.128864973
17.05.2023,4,D,E12,cyclo. Cop.,168,100,588.962,116.9868712,0.588962,0.116986871,7.76006058,21.64931553
17.05.2023,4,D,E12,C. Spp.,20,20,1118.18,161.9357137,1.11818,0.161935714,7.76006058,2.577299467
17.05.2023,4,D,E12,B.c.,1,1,325.5,0,0.3255,0,7.76006058,0.128864973
17.05.2023,4,D,E12,B.l.,1,1,261.6,0,0.2616,0,7.76006058,0.128864973
17.05.2023,4,D,E12,Cerio. Quad.,2,2,640,48.7903679,0.64,0.048790368,7.76006058,0.257729947
17.05.2023,4,D,E12,Chid. Sphaericus,1,1,398.8,0,0.3988,0,7.76006058,0.128864973
17.05.2023,4,D,E14,N,302,100,205.246,58.18295321,0.205246,0.058182953,11.49638604,26.26912482
17.05.2023,4,D,E14,E.g.,185,100,772.807,94.99460405,0.772807,0.094994604,11.49638604,16.09201355
17.05.2023,4,D,E14,Eud. Cop.,177,100,433.349,64.51500569,0.433349,0.064515006,11.49638604,15.39614269
17.05.2023,4,D,E14,Diaphanosoma,1,1,746.7,0,0.7467,0,11.49638604,0.086983857
17.05.2023,4,D,E14,cyclo. Cop.,11,11,506.6818182,142.6645563,0.506681818,0.142664556,11.49638604,0.956822427
17.05.2023,4,D,E14,C. Spp.,1,1,1177,0,1.177,0,11.49638604,0.086983857
17.05.2023,4,D,E14,B.c.,2,2,345.5,69.01362184,0.3455,0.069013622,11.49638604,0.173967714
17.05.2023,4,D,E14,B.l.,2,2,293.4,48.50752519,0.2934,0.048507525,11.49638604,0.173967714
17.05.2023,4,D,E14,Chid. Sphaericus,1,1,192,0,0.192,0,11.49638604,0.086983857
17.05.2023,4,D,E16,N,285,100,207.589,50.23181192,0.207589,0.050231812,6.602210271,43.16736188
17.05.2023,4,D,E16,E.g.,216,100,842.727,133.499146,0.842727,0.133499146,6.602210271,32.71631637
17.05.2023,4,D,E16,Eud. Cop.,188,100,528.309,84.7862602,0.528309,0.08478626,6.602210271,28.4753124
17.05.2023,4,D,E16,cyclo. Cop.,125,100,552.496,120.8077552,0.552496,0.120807755,6.602210271,18.93305346
17.05.2023,4,D,E16,C. Spp.,2,2,1124.4,124.3093721,1.1244,0.124309372,6.602210271,0.302928855
17.05.2023,4,D,E16,B.l.,1,1,268.5,0,0.2685,0,6.602210271,0.151464428
17.05.2023,4,D,E16,Chid. Sphaericus,1,1,330.3,0,0.3303,0,6.602210271,0.151464428
17.05.2023,4,D,E17,N,112,100,260.452,68.13326437,0.260452,0.068133264,3.969226389,28.21708541
17.05.2023,4,D,E17,cyclo. Cop.,126,100,596.862,123.2751253,0.596862,0.123275125,3.969226389,31.74422108
17.05.2023,4,D,E17,E.g.,107,100,944.688,105.1591668,0.944688,0.105159167,3.969226389,26.95739409
17.05.2023,4,D,E17,Eud. Cop.,31,31,537.7193548,83.82342719,0.537719355,0.083823427,3.969226389,7.810086139
17.05.2023,4,D,E17,C. Spp.,7,7,1024.014286,135.3568916,1.024014286,0.135356892,3.969226389,1.763567838
17.05.2023,4,D,E17,B.l.,3,3,398.4333333,153.7649613,0.398433333,0.153764961,3.969226389,0.755814788
17.05.2023,4,D,E17,Alona spp.,1,1,1009.2,0,1.0092,0,3.969226389,0.251938263
17.05.2023,4,D,E17,B.c.,1,1,492,0,0.492,0,3.969226389,0.251938263
17.05.2023,4,D,E18,N,146,100,223.909,64.76509238,0.223909,0.064765092,11.51903902,12.67466841
17.05.2023,4,D,E18,E.g.,67,67,866.9119403,112.4682925,0.86691194,0.112468293,11.51903902,5.816457421
17.05.2023,4,D,E18,Eud. Cop.,132,100,510.16,105.5886769,0.51016,0.105588677,11.51903902,11.45928925
17.05.2023,4,D,E18,Alona spp.,2,2,195.2,36.62813127,0.1952,0.036628131,11.51903902,0.173625595
17.05.2023,4,D,E18,cyclo. Cop.,40,40,616.2075,168.0455164,0.6162075,0.168045516,11.51903902,3.472511893
17.05.2023,4,D,E18,C. Spp.,1,1,929.5,0,0.9295,0,11.51903902,0.086812797
17.05.2023,4,D,E18,B.l.,65,65,285.9076923,56.72570049,0.285907692,0.0567257,11.51903902,5.642831826
17.05.2023,4,D,E19,N,221,100,202.688,61.00251076,0.202688,0.061002511,4.754293638,46.48429753
17.05.2023,4,D,E19,Eud. Cop.,123,100,437.727,56.55771854,0.437727,0.056557719,4.754293638,25.87135111
17.05.2023,4,D,E19,E.g.,122,100,787.313,106.9999449,0.787313,0.106999945,4.754293638,25.66101493
17.05.2023,4,D,E19,cyclo. Cop.,39,39,440.5,81.01940638,0.4405,0.081019406,4.754293638,8.203111329
17.05.2023,4,D,E19,B.l.,4,4,266.6,21.22844004,0.2666,0.02122844,4.754293638,0.841344752
17.05.2023,4,D,E19,C. Spp.,1,1,970.5,0,0.9705,0,4.754293638,0.210336188
17.05.2023,4,D,E19,Cerio. Quad.,1,1,559.5,0,0.5595,0,4.754293638,0.210336188
17.05.2023,4,D,E23,N,270,100,193.952,54.12237439,0.193952,0.054122374,4.522100619,59.70676523
17.05.2023,4,D,E23,E.g.,144,100,787.894,104.3778575,0.787894,0.104377857,4.522100619,31.84360812
17.05.2023,4,D,E23,Eud. Cop.,206,100,487.742,83.73117057,0.487742,0.083731171,4.522100619,45.55405051
17.05.2023,4,D,E23,Diaphanosoma,1,1,841.9,0,0.8419,0,4.522100619,0.221136168
17.05.2023,4,D,E23,cyclo. Cop.,87,87,590.0183908,114.6197845,0.590018391,0.114619785,4.522100619,19.23884657
17.05.2023,4,D,E23,B.l.,10,10,266.96,24.22460641,0.26696,0.024224606,4.522100619,2.211361675
17.05.2023,4,D,E24,N,138,100,170.307,55.02883038,0.170307,0.05502883,3.567843945,38.67882176
17.05.2023,4,D,E24,cyclo. Cop.,114,100,497.988,110.644978,0.497988,0.110644978,3.567843945,31.95207015
17.05.2023,4,D,E24,Eud. Cop.,72,72,457.9805556,74.24134537,0.457980556,0.074241345,3.567843945,20.18025483
17.05.2023,4,D,E24,E.g.,55,55,782.5018182,110.4131408,0.782501818,0.110413141,3.567843945,15.41547244
17.05.2023,4,D,E24,B.l.,8,8,247.925,6.759067983,0.247925,0.006759068,3.567843945,2.242250537
17.05.2023,4,D,E24,B.c.,3,3,440.2333333,147.2155336,0.440233333,0.147215534,3.567843945,0.840843951
17.05.2023,4,D,E24,Diaphanosoma,1,1,569.5,0,0.5695,0,3.567843945,0.280281317
17.05.2023,4,D,E24,Chid. Sphaericus,1,1,238.5,0,0.2385,0,3.567843945,0.280281317
17.05.2023,4,D,L01,N,384,100,199.809,66.41649895,0.199809,0.066416499,14.58285422,26.33229368
17.05.2023,4,D,L01,E.g.,6,6,943.8166667,103.0112502,0.943816667,0.10301125,14.58285422,0.411442089
17.05.2023,4,D,L01,E.l.,33,33,975.6848485,94.81913085,0.975684848,0.094819131,14.58285422,2.262931488
17.05.2023,4,D,L01,Eud. Cop.,51,51,556.3490196,109.3167057,0.55634902,0.109316706,14.58285422,3.497257755
17.05.2023,4,D,L01,Eur. Cop.,24,24,705.2291667,97.1105577,0.705229167,0.097110558,14.58285422,1.645768355
17.05.2023,4,D,L01,Daphnia longispina,8,8,661.7375,122.5795128,0.6617375,0.122579513,14.58285422,0.548589452
17.05.2023,4,D,L01,cyclo. Cop.,119,100,528.198,96.7231444,0.528198,0.096723144,14.58285422,8.160268094
17.05.2023,4,D,L01,B.c.,36,36,430.5138889,82.24388524,0.430513889,0.082243885,14.58285422,2.468652533
17.05.2023,4,D,L01,B.l.,81,81,314.7135802,61.51805579,0.31471358,0.061518056,14.58285422,5.554468198
17.05.2023,4,D,L01,Chid. Sphaericus,1,1,286.2,0,0.2862,0,14.58285422,0.068573681
23.05.2023,5,D,E01,N,399,100,209.836,65.98991585,0.209836,0.065989916,6.642985631,60.06335437
23.05.2023,5,D,E01,E.g.,97,97,836.414433,94.56993002,0.836414433,0.09456993,6.642985631,14.6018681
23.05.2023,5,D,E01,Eud. Cop.,182,100,577.554,87.46814649,0.577554,0.087468146,6.642985631,27.39731954
23.05.2023,5,D,E01,Diaphanosoma,1,1,424.6,0,0.4246,0,6.642985631,0.150534723
23.05.2023,5,D,E01,Alona spp.,1,1,497.1,0,0.4971,0,6.642985631,0.150534723
23.05.2023,5,D,E01,cyclo. Cop.,93,93,543.8849462,172.0399315,0.543884946,0.172039932,6.642985631,13.99972921
23.05.2023,5,D,E01,C. Spp.,10,10,1071.18,151.2329094,1.07118,0.151232909,6.642985631,1.505347227
23.05.2023,5,D,E01,B.c.,1,1,400.2,0,0.4002,0,6.642985631,0.150534723
23.05.2023,5,D,E01,Chid. Sphaericus,9,9,321.7666667,65.61341326,0.321766667,0.065613413,6.642985631,1.354812505
23.05.2023,5,D,E02,N,182,100,212.282,53.38122543,0.212282,0.053381225,3.343579468,54.43268262
23.05.2023,5,D,E02,Eud. Cop.,109,100,535.399,99.66580672,0.535399,0.099665807,3.343579468,32.59979344
23.05.2023,5,D,E02,E.g.,50,50,889.888,99.63012953,0.889888,0.09963013,3.343579468,14.95403369
23.05.2023,5,D,E02,cyclo. Cop.,11,11,711.4,194.3155475,0.7114,0.194315547,3.343579468,3.289887411
23.05.2023,5,D,E02,Diaphanosoma,6,6,467.6166667,119.5202312,0.467616667,0.119520231,3.343579468,1.794484042
23.05.2023,5,D,E02,B.c.,3,3,333.3333333,14.58778027,0.333333333,0.01458778,3.343579468,0.897242021
23.05.2023,5,D,E07,N,103,100,196.72,64.89036753,0.19672,0.064890368,2.364404519,43.56276567
23.05.2023,5,D,E07,Eud. Cop.,121,100,554.591,86.90472212,0.554591,0.086904722,2.364404519,51.17567617
23.05.2023,5,D,E07,E.g.,64,64,852.9515625,66.31283481,0.852951563,0.066312835,2.364404519,27.06812624
23.05.2023,5,D,E07,cyclo. Cop.,13,13,580.8692308,47.05256608,0.580869231,0.047052566,2.364404519,5.498213142
23.05.2023,5,D,E07,Diaphanosoma,7,7,555.0857143,204.7905388,0.555085714,0.204790539,2.364404519,2.960576307
23.05.2023,5,D,E07,Cerio. Quad.,3,3,469.7333333,136.8187244,0.469733333,0.136818724,2.364404519,1.268818417
23.05.2023,5,D,E08,N,33,33,214.0575758,64.59001969,0.214057576,0.06459002,3.648545177,9.044700942
23.05.2023,5,D,E08,B.l.,212,100,267.566,48.17941264,0.267566,0.048179413,3.648545177,58.10535151
23.05.2023,5,D,E08,Eud. Cop.,44,44,647.2227273,105.815049,0.647222727,0.105815049,3.648545177,12.05960126
23.05.2023,5,D,E08,E.g.,30,30,960.62,118.1307908,0.96062,0.118130791,3.648545177,8.222455402
23.05.2023,5,D,E08,cyclo. Cop.,11,11,648.0090909,120.3520873,0.648009091,0.120352087,3.648545177,3.014900314
23.05.2023,5,D,E08,C. Spp.,4,4,1261.575,133.8642938,1.261575,0.133864294,3.648545177,1.096327387
23.05.2023,5,D,E09,N,206,100,243.496,58.13931878,0.243496,0.058139319,5.834274336,35.30858992
23.05.2023,5,D,E09,E.g.,150,100,1022.906,72.93425546,1.022906,0.072934255,5.834274336,25.71013829
23.05.2023,5,D,E09,Eud. Cop.,118,100,566.853,134.8057341,0.566853,0.134805734,5.834274336,20.22530879
23.05.2023,5,D,E09,cyclo. Cop.,27,27,627.8296296,148.1700603,0.62782963,0.14817006,5.834274336,4.627824892
23.05.2023,5,D,E09,C. Spp.,13,13,1356.615385,178.661798,1.356615385,0.178661798,5.834274336,2.228211985
23.05.2023,5,D,E09,B.l.,46,46,262.3695652,43.37233563,0.262369565,0.043372336,5.834274336,7.884442408
23.05.2023,5,D,E10,N,150,100,179.076,56.90115143,0.179076,0.056901151,1.616856264,92.77262509
23.05.2023,5,D,E10,Eud. Cop.,175,100,538.85,82.10891449,0.53885,0.082108914,1.616856264,108.2347293
23.05.2023,5,D,E10,cyclo. Cop.,122,100,573.86,128.6676087,0.57386,0.128667609,1.616856264,75.45506841
23.05.2023,5,D,E10,E.g.,83,83,883.7855422,106.5808043,0.883785542,0.106580804,1.616856264,51.33418589
23.05.2023,5,D,E10,B.l.,23,23,349.0217391,83.92682395,0.349021739,0.083926824,1.616856264,14.22513585
23.05.2023,5,D,E10,Chid. Sphaericus,3,3,237.7666667,11.25092589,0.237766667,0.011250926,1.616856264,1.855452502
23.05.2023,5,D,E10,C. Spp.,2,2,1168.9,386.7874093,1.1689,0.386787409,1.616856264,1.236968335
23.05.2023,5,D,E10,Diaphanosoma,1,1,473.2,0,0.4732,0,1.616856264,0.618484167
23.05.2023,5,D,E12,N,141,100,219.41,66.0411985,0.21941,0.066041198,7.76006058,18.16996125
23.05.2023,5,D,E12,E.g.,44,44,905.5409091,95.27213487,0.905540909,0.095272135,7.76006058,5.670058828
23.05.2023,5,D,E12,Eud. Cop.,177,100,568.188,99.5099338,0.568188,0.099509934,7.76006058,22.80910029
23.05.2023,5,D,E12,Diaphanosoma,7,7,516.8428571,238.8627281,0.516842857,0.238862728,7.76006058,0.902054814
23.05.2023,5,D,E12,cyclo. Cop.,93,93,640.6795699,167.1829495,0.64067957,0.167182949,7.76006058,11.98444252
23.05.2023,5,D,E12,C. Spp.,20,20,1129,138.4649718,1.129,0.138464972,7.76006058,2.577299467
23.05.2023,5,D,E12,B.l.,1,1,366.2,0,0.3662,0,7.76006058,0.128864973
23.05.2023,5,D,E12,Cerio. Quad.,1,1,575,0,0.575,0,7.76006058,0.128864973
23.05.2023,5,D,E12,Chid. Sphaericus,8,8,280.3,23.03053873,0.2803,0.023030539,7.76006058,1.030919787
23.05.2023,5,D,E14,N,54,54,250.5833333,67.80717041,0.250583333,0.06780717,3.448915813,15.65709426
23.05.2023,5,D,E14,E.g.,114,100,953.573,76.52497428,0.953573,0.076524974,3.448915813,33.05386567
23.05.2023,5,D,E14,Eud. Cop.,109,100,535.183,113.4062244,0.535183,0.113406224,3.448915813,31.60413472
23.05.2023,5,D,E14,cyclo. Cop.,10,10,652.53,156.0764275,0.65253,0.156076428,3.448915813,2.899461901
23.05.2023,5,D,E14,B.c.,1,1,317.8,0,0.3178,0,3.448915813,0.28994619
23.05.2023,5,D,E16,N,98,98,217.4244898,64.70659722,0.21742449,0.064706597,3.301105136,29.68702782
23.05.2023,5,D,E16,Eud. Cop.,142,100,555.76,81.03516633,0.55576,0.081035166,3.301105136,43.01589745
23.05.2023,5,D,E16,E.g.,96,96,916.8395833,110.0729361,0.916839583,0.110072936,3.301105136,29.08117011
23.05.2023,5,D,E16,cyclo. Cop.,27,27,575.0888889,110.0844932,0.575088889,0.110084493,3.301105136,8.179079093
23.05.2023,5,D,E16,C. Spp.,1,1,1377.1,0,1.3771,0,3.301105136,0.302928855
23.05.2023,5,D,E16,B.c.,1,1,311.2,0,0.3112,0,3.301105136,0.302928855
23.05.2023,5,D,E17,N,46,46,208.7869565,57.94211521,0.208786957,0.057942115,3.175381111,14.4864501
23.05.2023,5,D,E17,E.g.,109,100,993.258,105.0056508,0.993258,0.105005651,3.175381111,34.32658827
23.05.2023,5,D,E17,Eud. Cop.,79,79,573.8468354,107.4196979,0.573846835,0.107419698,3.175381111,24.87890343
23.05.2023,5,D,E17,cyclo. Cop.,28,28,634.2714286,145.8631166,0.634271429,0.145863117,3.175381111,8.817839189
23.05.2023,5,D,E17,C. Spp.,3,3,1368.9,228.1422144,1.3689,0.228142214,3.175381111,0.944768485
23.05.2023,5,D,E17,Chid. Sphaericus,2,2,245.6,10.60660172,0.2456,0.010606602,3.175381111,0.629845656
23.05.2023,5,D,E17,B.c.,1,1,544.7,0,0.5447,0,3.175381111,0.314922828
23.05.2023,5,D,E18,N,136,100,235.392,63.55530747,0.235392,0.063555307,10.2391458,13.28235799
23.05.2023,5,D,E18,E.g.,39,39,841.4384615,113.2581253,0.841438462,0.113258125,10.2391458,3.808911483
23.05.2023,5,D,E18,Eud. Cop.,139,100,494.158,93.74203824,0.494158,0.093742038,10.2391458,13.57535118
23.05.2023,5,D,E18,Diaphanosoma,2,2,641.85,300.30825,0.64185,0.30030825,10.2391458,0.195328794
23.05.2023,5,D,E18,cyclo. Cop.,24,24,532.275,149.9625729,0.532275,0.149962573,10.2391458,2.343945528
23.05.2023,5,D,E18,B.l.,73,73,283.9273973,60.65269816,0.283927397,0.060652698,10.2391458,7.12950098
23.05.2023,5,D,E19,N,102,100,206.388,59.12514254,0.206388,0.059125143,3.565720228,28.60572156
23.05.2023,5,D,E19,Eud. Cop.,107,100,524.318,89.76335711,0.524318,0.089763357,3.565720228,30.00796281
23.05.2023,5,D,E19,E.g.,37,37,839.2972973,81.97412019,0.839297297,0.08197412,3.565720228,10.37658527
23.05.2023,5,D,E19,cyclo. Cop.,24,24,503.9583333,120.5536861,0.503958333,0.120553686,3.565720228,6.730758014
23.05.2023,5,D,E19,Cerio. Quad.,3,3,358.4666667,38.68466535,0.358466667,0.038684665,3.565720228,0.841344752
23.05.2023,5,D,E19,Chid. Sphaericus,2,2,304.95,11.80868325,0.30495,0.011808683,3.565720228,0.560896501
23.05.2023,5,D,E19,Diaphanosoma,1,1,540.2,0,0.5402,0,3.565720228,0.280448251
23.05.2023,5,D,E19,B.c.,1,1,473.7,0,0.4737,0,3.565720228,0.280448251
23.05.2023,5,D,E19,B.l.,1,1,220.6,0,0.2206,0,3.565720228,0.280448251
23.05.2023,5,D,E23,N,140,100,207.003,50.32568165,0.207003,0.050325682,2.261050309,61.9181269
23.05.2023,5,D,E23,Eud. Cop.,152,100,544.215,64.92300549,0.544215,0.064923005,2.261050309,67.22539492
23.05.2023,5,D,E23,E.g.,63,63,822.715873,82.37501423,0.822715873,0.082375014,2.261050309,27.86315711
23.05.2023,5,D,E23,cyclo. Cop.,25,25,654.596,108.8498143,0.654596,0.108849814,2.261050309,11.05680838
23.05.2023,5,D,E23,B.l.,11,11,257.4272727,18.36970827,0.257427273,0.018369708,2.261050309,4.864995685
23.05.2023,5,D,E23,Diaphanosoma,2,2,587.25,377.5243105,0.58725,0.37752431,2.261050309,0.88454467
23.05.2023,5,D,E23,C. Spp.,1,1,1015.2,0,1.0152,0,2.261050309,0.442272335
23.05.2023,5,D,E23,B.c.,1,1,302.6,0,0.3026,0,2.261050309,0.442272335
23.05.2023,5,D,E24,N,211,100,192.342,66.6258029,0.192342,0.066625803,7.13568789,29.56967895
23.05.2023,5,D,E24,E.g.,70,70,914.7214286,103.0430639,0.914721429,0.103043064,7.13568789,9.809846098
23.05.2023,5,D,E24,Eud. Cop.,113,100,531.961,91.53154437,0.531961,0.091531544,7.13568789,15.83589442
23.05.2023,5,D,E24,Harpacticoida,1,1,841.2,0,0.8412,0,7.13568789,0.140140659
23.05.2023,5,D,E24,cyclo. Cop.,180,100,543.727,106.8522541,0.543727,0.106852254,7.13568789,25.22531854
23.05.2023,5,D,E24,C. Spp.,4,4,968.525,43.22980261,0.968525,0.043229803,7.13568789,0.560562634
23.05.2023,5,D,E24,B.c.,6,6,358.8,74.296864,0.3588,0.074296864,7.13568789,0.840843951
23.05.2023,5,D,E24,B.l.,31,31,315.0322581,85.65065241,0.315032258,0.085650652,7.13568789,4.344360415
23.05.2023,5,D,E24,Cerio. Quad.,1,1,430.6,0,0.4306,0,7.13568789,0.140140659
23.05.2023,5,D,E24,Chid. Sphaericus,7,7,268.4,44.4429597,0.2684,0.04444296,7.13568789,0.98098461
23.05.2023,5,D,L01,N,195,100,187.789,58.89956508,0.187789,0.058899565,6.999770025,27.85805809
23.05.2023,5,D,L01,E.g.,1,1,811.5,0,0.8115,0,6.999770025,0.142861836
23.05.2023,5,D,L01,E.l.,6,6,983.05,95.65393353,0.98305,0.095653934,6.999770025,0.857171018
23.05.2023,5,D,L01,Eud. Cop.,23,23,549.7608696,90.84381071,0.54976087,0.090843811,6.999770025,3.285822237
23.05.2023,5,D,L01,Eur. Cop.,3,3,684.8333333,94.29561672,0.684833333,0.094295617,6.999770025,0.428585509
23.05.2023,5,D,L01,Diaphanosoma,1,1,1370.3,0,1.3703,0,6.999770025,0.142861836
23.05.2023,5,D,L01,D. cucullata,3,3,792.1666667,266.1977147,0.792166667,0.266197715,6.999770025,0.428585509
23.05.2023,5,D,L01,D. longispina,1,1,787.2,0,0.7872,0,6.999770025,0.142861836
23.05.2023,5,D,L01,cyclo. Cop.,60,60,531.04,113.8377007,0.53104,0.113837701,6.999770025,8.571710183
23.05.2023,5,D,L01,B.c.,13,13,366.1538462,53.98344832,0.366153846,0.053983448,6.999770025,1.857203873
23.05.2023,5,D,L01,B.l.,134,100,302.801,47.33238047,0.302801,0.04733238,6.999770025,19.14348607
23.05.2023,5,D,L01,Chid. Sphaericus,3,3,241.7,15.10893775,0.2417,0.015108938,6.999770025,0.428585509
23.05.2023,5,N,E01,N,402,100,238.731,60.56645185,0.238731,0.060566452,11.07164272,36.30897512
23.05.2023,5,N,E01,E.g.,121,100,872.713,90.30066239,0.872713,0.090300662,11.07164272,10.92882087
23.05.2023,5,N,E01,Eud. Cop.,97,97,548.8505155,116.887028,0.548850515,0.116887028,11.07164272,8.761120863
23.05.2023,5,N,E01,Diaphanosoma,1,1,596,0,0.596,0,11.07164272,0.090320834
23.05.2023,5,N,E01,Harpacticoida,1,1,199.6,0,0.1996,0,11.07164272,0.090320834
23.05.2023,5,N,E01,Alona spp.,2,2,209.2,33.79970414,0.2092,0.033799704,11.07164272,0.180641667
23.05.2023,5,N,E01,cyclo. Cop.,149,100,518.49,131.9978638,0.51849,0.131997864,11.07164272,13.45780421
23.05.2023,5,N,E01,C. Spp.,8,8,1252.375,139.7064448,1.252375,0.139706445,11.07164272,0.722566669
23.05.2023,5,N,E01,B.l.,2,2,306.1,9.333809512,0.3061,0.00933381,11.07164272,0.180641667
23.05.2023,5,N,E01,Chid. Sphaericus,1,1,317.6,0,0.3176,0,11.07164272,0.090320834
23.05.2023,5,N,E02,N,193,100,197.755,45.92377605,0.197755,0.045923776,5.572632447,34.63354202
23.05.2023,5,N,E02,E.g.,100,100,765.848,126.6807006,0.765848,0.126680701,5.572632447,17.94484042
23.05.2023,5,N,E02,Eud. Cop.,52,52,508.9980769,75.92067969,0.508998077,0.07592068,5.572632447,9.33131702
23.05.2023,5,N,E02,cyclo. Cop.,13,13,577.4692308,151.6273084,0.577469231,0.151627308,5.572632447,2.332829255
23.05.2023,5,N,E02,B.l.,10,10,320.59,76.98154829,0.32059,0.076981548,5.572632447,1.794484042
23.05.2023,5,N,E02,Diaphanosoma,6,6,430.7833333,208.3935452,0.430783333,0.208393545,5.572632447,1.076690425
23.05.2023,5,N,E02,B.c.,4,4,332.425,32.34969088,0.332425,0.032349691,5.572632447,0.717793617
23.05.2023,5,N,E02,C. Spp.,2,2,1070.75,55.50788232,1.07075,0.055507882,5.572632447,0.358896808
23.05.2023,5,N,E02,Cerio. Quad.,1,1,557.2,0,0.5572,0,5.572632447,0.179448404
23.05.2023,5,N,E08,N,61,61,211.5311475,62.88735045,0.211531148,0.06288735,7.297090354,8.359496326
23.05.2023,5,N,E08,E.g.,21,21,907.1619048,150.7175453,0.907161905,0.150717545,7.297090354,2.877859391
23.05.2023,5,N,E08,E.l.,1,1,977.9,0,0.9779,0,7.297090354,0.137040923
23.05.2023,5,N,E08,Eud. Cop.,23,23,510.773913,64.53541816,0.510773913,0.064535418,7.297090354,3.151941238
23.05.2023,5,N,E08,Harpacticoida,1,1,335.5,0,0.3355,0,7.297090354,0.137040923
23.05.2023,5,N,E08,Alona spp.,1,1,223.3,0,0.2233,0,7.297090354,0.137040923
23.05.2023,5,N,E08,cyclo. Cop.,3,3,503.6,88.96746596,0.5036,0.088967466,7.297090354,0.41112277
23.05.2023,5,N,E08,C. Spp.,1,1,1205.8,0,1.2058,0,7.297090354,0.137040923
23.05.2023,5,N,E08,B.l.,123,100,304.127,70.95800131,0.304127,0.070958001,7.297090354,16.85603357
23.05.2023,5,N,E09,N,469,100,229.522,52.85292645,0.229522,0.052852926,24.3094764,19.29288777
23.05.2023,5,N,E09,E.g.,112,100,873.08,126.2606955,0.87308,0.126260696,24.3094764,4.607256781
23.05.2023,5,N,E09,E.l.,1,1,893,0,0.893,0,24.3094764,0.041136221
23.05.2023,5,N,E09,Eud. Cop.,92,92,470.9815217,79.94484902,0.470981522,0.079944849,24.3094764,3.784532356
23.05.2023,5,N,E09,cyclo. Cop.,40,40,543.8175,165.8151409,0.5438175,0.165815141,24.3094764,1.64544885
23.05.2023,5,N,E09,C. Spp.,3,3,1073.566667,53.64180584,1.073566667,0.053641806,24.3094764,0.123408664
23.05.2023,5,N,E09,B.c.,1,1,340,0,0.34,0,24.3094764,0.041136221
23.05.2023,5,N,E09,B.l.,41,41,316.4902439,64.15247386,0.316490244,0.064152474,24.3094764,1.686585072
23.05.2023,5,N,E14,N,122,100,230.76,59.88458765,0.23076,0.059884588,8.622289533,14.14937408
23.05.2023,5,N,E14,E.g.,119,100,814.751,100.1279994,0.814751,0.100127999,8.622289533,13.80143865
23.05.2023,5,N,E14,Eud. Cop.,118,100,464.807,66.46407134,0.464807,0.066464071,8.622289533,13.68546017
23.05.2023,5,N,E14,cyclo. Cop.,13,13,573.5384615,112.5685683,0.573538462,0.112568568,8.622289533,1.507720188
23.05.2023,5,N,E14,B.l.,9,9,290.3666667,49.7418335,0.290366667,0.049741834,8.622289533,1.043806284
23.05.2023,5,N,E14,Chid. Sphaericus,2,2,384.8,18.1019336,0.3848,0.018101934,8.622289533,0.231956952
23.05.2023,5,N,E14,Diaphanosoma,1,1,561,0,0.561,0,8.622289533,0.115978476
23.05.2023,5,N,E16,N,163,100,223.155,55.20510768,0.223155,0.055205108,5.501841893,29.62644205
23.05.2023,5,N,E16,E.g.,117,100,833.434,144.0571065,0.833434,0.144057107,5.501841893,21.26560564
23.05.2023,5,N,E16,Eud. Cop.,72,72,539.2513889,83.34606287,0.539251389,0.083346063,5.501841893,13.08652655
23.05.2023,5,N,E16,cyclo. Cop.,30,30,532.95,119.4755198,0.53295,0.11947552,5.501841893,5.452719396
23.05.2023,5,N,E16,B.l.,9,9,308.8888889,60.33213166,0.308888889,0.060332132,5.501841893,1.635815819
23.05.2023,5,N,E16,Chid. Sphaericus,6,6,274.7833333,33.05978927,0.274783333,0.033059789,5.501841893,1.090543879
23.05.2023,5,N,E16,B.c.,2,2,460.35,15.76848122,0.46035,0.015768481,5.501841893,0.363514626
23.05.2023,5,N,E16,C. Spp.,1,1,1149.5,0,1.1495,0,5.501841893,0.181757313
31.05.2023,6,D,E01,N,148,100,192.985,54.30906574,0.192985,0.054309066,3.321492815,44.55827793
31.05.2023,6,D,E01,Eud. Cop.,113,100,475.752,69.51003631,0.475752,0.069510036,3.321492815,34.02084734
31.05.2023,6,D,E01,E.g.,50,50,880.906,86.7172285,0.880906,0.086717228,3.321492815,15.05347227
31.05.2023,6,D,E01,cyclo. Cop.,38,38,530.6289474,120.180407,0.530628947,0.120180407,3.321492815,11.44063893
31.05.2023,6,D,E01,Chid. Sphaericus,3,3,308.7333333,70.31076257,0.308733333,0.070310763,3.321492815,0.903208336
31.05.2023,6,D,E01,Harpacticoida,2,2,404.7,45.254834,0.4047,0.045254834,3.321492815,0.602138891
31.05.2023,6,D,E01,C. Spp.,2,2,1265.05,367.7662369,1.26505,0.367766237,3.321492815,0.602138891
31.05.2023,6,D,E01,Diaphanosoma,1,1,642.4,0,0.6424,0,3.321492815,0.301069445
31.05.2023,6,D,E01,Alona spp.,1,1,599.2,0,0.5992,0,3.321492815,0.301069445
31.05.2023,6,D,E01,B.l.,1,1,342.1,0,0.3421,0,3.321492815,0.301069445
31.05.2023,6,D,E02,N,182,100,195.325,44.66838164,0.195325,0.044668382,4.179474335,43.54614609
31.05.2023,6,D,E02,Eud. Cop.,139,100,591.449,103.2159495,0.591449,0.103215949,4.179474335,33.25777092
31.05.2023,6,D,E02,E.g.,57,57,862.5,87.54080885,0.8625,0.087540809,4.179474335,13.63807872
31.05.2023,6,D,E02,Diaphanosoma,12,12,533.3833333,195.7619976,0.533383333,0.195761998,4.179474335,2.871174468
31.05.2023,6,D,E02,cyclo. Cop.,7,7,580.1714286,245.464157,0.580171429,0.245464157,4.179474335,1.674851773
31.05.2023,6,D,E02,B.l.,3,3,397.8333333,64.09838792,0.397833333,0.064098388,4.179474335,0.717793617
31.05.2023,6,D,E02,Chid. Sphaericus,2,2,264.2,4.949747468,0.2642,0.004949747,4.179474335,0.478529078
31.05.2023,6,D,E07,N,136,100,171.853,51.76702171,0.171853,0.051767022,4.728809038,28.75988413
31.05.2023,6,D,E07,E.g.,108,100,894.369,71.23664744,0.894369,0.071236647,4.728809038,22.83873151
31.05.2023,6,D,E07,Eud. Cop.,117,100,605.723,80.67275316,0.605723,0.080672753,4.728809038,24.74195914
31.05.2023,6,D,E07,Diaphanosoma,11,11,635.2636364,201.5427611,0.635263636,0.201542761,4.728809038,2.326167099
31.05.2023,6,D,E07,Alona spp.,1,1,234.1,0,0.2341,0,4.728809038,0.211469736
31.05.2023,6,D,E07,cyclo. Cop.,46,46,436.976087,137.5407967,0.436976087,0.137540797,4.728809038,9.727607867
31.05.2023,6,D,E07,B.c.,1,1,317.2,0,0.3172,0,4.728809038,0.211469736
31.05.2023,6,D,E07,B.l.,3,3,328.7,26.02402736,0.3287,0.026024027,4.728809038,0.634409209
31.05.2023,6,D,E07,Cerio. Quad.,4,4,493.25,181.0964844,0.49325,0.181096484,4.728809038,0.845878945
31.05.2023,6,D,E07,Chid. Sphaericus,5,5,276.06,32.05078782,0.27606,0.032050788,4.728809038,1.057348681
31.05.2023,6,D,E08,N,32,32,201.140625,50.69578375,0.201140625,0.050695784,2.432363451,13.15592864
31.05.2023,6,D,E08,B.l.,127,100,272.979,46.01944757,0.272979,0.046019448,2.432363451,52.2125918
31.05.2023,6,D,E08,E.g.,46,46,972.4695652,74.03661818,0.972469565,0.074036618,2.432363451,18.91164743
31.05.2023,6,D,E08,Eud. Cop.,36,36,569.4361111,148.037704,0.569436111,0.148037704,2.432363451,14.80041972
31.05.2023,6,D,E08,cyclo. Cop.,5,5,613.62,213.4644748,0.61362,0.213464475,2.432363451,2.055613851
31.05.2023,6,D,E08,Alona spp.,2,2,229.8,0,0.2298,0,2.432363451,0.82224554
31.05.2023,6,D,E09,N,115,100,238.65,63.88565938,0.23865,0.063885659,4.86189528,23.65332722
31.05.2023,6,D,E09,E.g.,63,63,960.2825397,76.83338811,0.96028254,0.076833388,4.86189528,12.9579097
31.05.2023,6,D,E09,Eud. Cop.,142,100,511.358,94.45499616,0.511358,0.094454996,4.86189528,29.2067171
31.05.2023,6,D,E09,Harpacticoida,1,1,395,0,0.395,0,4.86189528,0.205681106
31.05.2023,6,D,E09,Alona spp.,2,2,462.6,42.9920923,0.4626,0.042992092,4.86189528,0.411362213
31.05.2023,6,D,E09,cyclo. Cop.,6,6,594.85,186.0878153,0.59485,0.186087815,4.86189528,1.234086638
31.05.2023,6,D,E09,B.l.,41,41,313.5512195,62.93058923,0.31355122,0.062930589,4.86189528,8.432925358
31.05.2023,6,D,E09,Chid. Sphaericus,3,3,256.7333333,18.69661288,0.256733333,0.018696613,4.86189528,0.617043319
31.05.2023,6,D,E10,N,141,100,190.24,56.84229113,0.19024,0.056842291,2.078815196,67.82709701
31.05.2023,6,D,E10,Eud. Cop.,159,100,541.853,76.0946944,0.541853,0.076094694,2.078815196,76.48587536
31.05.2023,6,D,E10,B.l.,34,34,303.8323529,50.35863334,0.303832353,0.050358633,2.078815196,16.3554702
31.05.2023,6,D,E10,E.g.,22,22,839.3772727,98.26193824,0.839377273,0.098261938,2.078815196,10.58295131
31.05.2023,6,D,E10,cyclo. Cop.,22,22,472.5181818,128.7371469,0.472518182,0.128737147,2.078815196,10.58295131
31.05.2023,6,D,E10,Diaphanosoma,6,6,692.3833333,162.4895248,0.692383333,0.162489525,2.078815196,2.886259447
31.05.2023,6,D,E10,Cerio. Quad.,3,3,525.2333333,14.75545097,0.525233333,0.014755451,2.078815196,1.443129724
31.05.2023,6,D,E10,Chid. Sphaericus,3,3,237.0333333,68.12887298,0.237033333,0.068128873,2.078815196,1.443129724
31.05.2023,6,D,E10,Alona spp.,1,1,406.1,0,0.4061,0,2.078815196,0.481043241
31.05.2023,6,D,E10,C. Spp.,1,1,1009.9,0,1.0099,0,2.078815196,0.481043241
31.05.2023,6,D,E10,B.c.,1,1,446.1,0,0.4461,0,2.078815196,0.481043241
31.05.2023,6,D,E12,N,83,83,193.046988,53.60482627,0.193046988,0.053604826,3.88003029,21.39158558
31.05.2023,6,D,E12,Eud. Cop.,104,100,557.803,117.5126329,0.557803,0.117512633,3.88003029,26.80391446
31.05.2023,6,D,E12,E.g.,42,42,890.7333333,102.7780314,0.890733333,0.102778031,3.88003029,10.82465776
31.05.2023,6,D,E12,cyclo. Cop.,16,16,579.60625,129.9799957,0.57960625,0.129979996,3.88003029,4.123679148
31.05.2023,6,D,E12,Diaphanosoma,12,12,668.0833333,289.8952345,0.668083333,0.289895234,3.88003029,3.092759361
31.05.2023,6,D,E12,B.l.,5,5,384.44,58.71782523,0.38444,0.058717825,3.88003029,1.288649734
31.05.2023,6,D,E12,Chid. Sphaericus,3,3,273.4,54.64677484,0.2734,0.054646775,3.88003029,0.77318984
31.05.2023,6,D,E12,C. Spp.,1,1,1375.4,0,1.3754,0,3.88003029,0.257729947
31.05.2023,6,D,E12,Cerio. Quad.,1,1,587.2,0,0.5872,0,3.88003029,0.257729947
31.05.2023,6,D,E14,N,60,60,193.0266667,36.17250977,0.193026667,0.03617251,2.874096511,20.87612569
31.05.2023,6,D,E14,Eud. Cop.,115,100,544.204,83.3232502,0.544204,0.08332325,2.874096511,40.01257423
31.05.2023,6,D,E14,E.g.,93,93,924.516129,54.60932452,0.924516129,0.054609325,2.874096511,32.35799481
31.05.2023,6,D,E14,B.l.,5,5,323.7,74.65892445,0.3237,0.074658924,2.874096511,1.739677141
31.05.2023,6,D,E14,Diaphanosoma,2,2,848.7,100.1263202,0.8487,0.10012632,2.874096511,0.695870856
31.05.2023,6,D,E14,cyclo. Cop.,2,2,589.75,77.42819254,0.58975,0.077428193,2.874096511,0.695870856
31.05.2023,6,D,E16,N,116,100,214.72,55.43592716,0.21472,0.055435927,3.301105136,35.13974722
31.05.2023,6,D,E16,E.g.,123,100,1007.725,53.44332101,1.007725,0.053443321,3.301105136,37.2602492
31.05.2023,6,D,E16,Eud. Cop.,97,97,567.9350515,117.743365,0.567935052,0.117743365,3.301105136,29.38409897
31.05.2023,6,D,E16,cyclo. Cop.,22,22,549.9045455,180.8051345,0.549904545,0.180805134,3.301105136,6.664434817
31.05.2023,6,D,E16,Chid. Sphaericus,3,3,246.9666667,18.06663592,0.246966667,0.018066636,3.301105136,0.908786566
31.05.2023,6,D,E16,Diaphanosoma,2,2,546.5,221.1830012,0.5465,0.221183001,3.301105136,0.605857711
31.05.2023,6,D,E16,Alona spp.,2,2,260.85,1.909188309,0.26085,0.001909188,3.301105136,0.605857711
31.05.2023,6,D,E16,B.l.,2,2,307.9,71.98347032,0.3079,0.07198347,3.301105136,0.605857711
31.05.2023,6,D,E17,N,79,79,212.956962,56.07158585,0.212956962,0.056071586,2.646150926,29.85468411
31.05.2023,6,D,E17,Eud. Cop.,148,100,605.413,87.88347962,0.605413,0.08788348,2.646150926,55.93029429
31.05.2023,6,D,E17,E.g.,92,92,1002.572826,78.4961007,1.002572826,0.078496101,2.646150926,34.76748023
31.05.2023,6,D,E17,cyclo. Cop.,46,46,650.6434783,89.40879313,0.650643478,0.089408793,2.646150926,17.38374012
31.05.2023,6,D,E17,C. Spp.,6,6,1176.783333,157.3605976,1.176783333,0.157360598,2.646150926,2.267444363
31.05.2023,6,D,E17,Chid. Sphaericus,2,2,310.35,63.85174234,0.31035,0.063851742,2.646150926,0.755814788
31.05.2023,6,D,E17,Cerio. Quad.,1,1,360.5,0,0.3605,0,2.646150926,0.377907394
31.05.2023,6,D,E18,N,168,100,221.287,63.88349189,0.221287,0.063883492,7.679359348,21.87682493
31.05.2023,6,D,E18,E.g.,126,100,970.522,72.42176494,0.970522,0.072421765,7.679359348,16.40761869
31.05.2023,6,D,E18,E.l.,1,1,1129.5,0,1.1295,0,7.679359348,0.130219196
31.05.2023,6,D,E18,Eud. Cop.,123,100,552.237,124.5920921,0.552237,0.124592092,7.679359348,16.01696111
31.05.2023,6,D,E18,Alona spp.,1,1,277.8,0,0.2778,0,7.679359348,0.130219196
31.05.2023,6,D,E18,cyclo. Cop.,22,22,613.9681818,150.7457064,0.613968182,0.150745706,7.679359348,2.864822312
31.05.2023,6,D,E18,C. Spp.,3,3,1328.366667,141.3644345,1.328366667,0.141364434,7.679359348,0.390657588
31.05.2023,6,D,E18,B.l.,102,100,307.571,66.68353771,0.307571,0.066683538,7.679359348,13.28235799
31.05.2023,6,D,E19,N,107,100,221.44,65.15753869,0.22144,0.065157539,2.377146819,45.01194422
31.05.2023,6,D,E19,Eud. Cop.,143,100,544.643,88.85228151,0.544643,0.088852282,2.377146819,60.15614975
31.05.2023,6,D,E19,E.g.,63,63,893.3380952,78.48030866,0.893338095,0.078480309,2.377146819,26.50235968
31.05.2023,6,D,E19,cyclo. Cop.,45,45,578.2733333,131.1868972,0.578273333,0.131186897,2.377146819,18.93025691
31.05.2023,6,D,E19,Diaphanosoma,1,1,519.5,0,0.5195,0,2.377146819,0.420672376
31.05.2023,6,D,E19,C. Spp.,1,1,1272.3,0,1.2723,0,2.377146819,0.420672376
31.05.2023,6,D,E19,B.l.,1,1,395.1,0,0.3951,0,2.377146819,0.420672376
31.05.2023,6,D,E19,Cerio. Quad.,1,1,446.2,0,0.4462,0,2.377146819,0.420672376
31.05.2023,6,D,E23,N,70,70,196.3542857,43.97328466,0.196354286,0.043973285,1.938043122,36.11890736
31.05.2023,6,D,E23,E.g.,103,100,891.431,68.98059703,0.891431,0.068980597,1.938043122,53.14639226
31.05.2023,6,D,E23,Eud. Cop.,96,96,635.640625,82.94086616,0.635640625,0.082940866,1.938043122,49.53450152
31.05.2023,6,D,E23,cyclo. Cop.,31,31,579.2193548,151.8085514,0.579219355,0.151808551,1.938043122,15.99551612
31.05.2023,6,D,E23,B.l.,5,5,314.76,74.83814535,0.31476,0.074838145,1.938043122,2.579921954
31.05.2023,6,D,E23,Diaphanosoma,2,2,533.95,314.3089642,0.53395,0.314308964,1.938043122,1.031968782
31.05.2023,6,D,E23,C. Spp.,2,2,988.1,80.89301577,0.9881,0.080893016,1.938043122,1.031968782
31.05.2023,6,D,E23,Cerio. Quad.,2,2,504.45,1.060660172,0.50445,0.00106066,1.938043122,1.031968782
31.05.2023,6,D,E24,N,141,100,198.42,51.98425558,0.19842,0.051984256,2.854275156,49.39958214
31.05.2023,6,D,E24,cyclo. Cop.,104,100,617.695,106.8652275,0.617695,0.106865227,2.854275156,36.43657122
31.05.2023,6,D,E24,Eud. Cop.,85,85,563.3352941,96.86754666,0.563335294,0.096867547,2.854275156,29.77988994
31.05.2023,6,D,E24,E.g.,66,66,897.8954545,96.59005273,0.897895455,0.096590053,2.854275156,23.12320866
31.05.2023,6,D,E24,B.l.,13,13,285.6076923,33.05872203,0.285607692,0.033058722,2.854275156,4.554571403
31.05.2023,6,D,E24,E.l.,1,1,953,0,0.953,0,2.854275156,0.350351646
31.05.2023,6,D,E24,Diaphanosoma,1,1,697.5,0,0.6975,0,2.854275156,0.350351646
31.05.2023,6,D,E24,Cerio. Quad.,1,1,424.6,0,0.4246,0,2.854275156,0.350351646
31.05.2023,6,D,E24,Chid. Sphaericus,1,1,239.6,0,0.2396,0,2.854275156,0.350351646
31.05.2023,6,D,L01,N,199,100,214.979,69.38094416,0.214979,0.069380944,6.999770025,28.42950544
31.05.2023,6,D,L01,E.g.,4,4,832.725,99.52488382,0.832725,0.099524884,6.999770025,0.571447346
31.05.2023,6,D,L01,E.l.,8,8,1036.9,120.9795024,1.0369,0.120979502,6.999770025,1.142894691
31.05.2023,6,D,L01,Eud. Cop.,23,23,547.6391304,117.4052103,0.54763913,0.11740521,6.999770025,3.285822237
31.05.2023,6,D,L01,Eur. Cop.,6,6,695.9166667,56.91609321,0.695916667,0.056916093,6.999770025,0.857171018
31.05.2023,6,D,L01,D. cucullata,4,4,561.4,214.723745,0.5614,0.214723745,6.999770025,0.571447346
31.05.2023,6,D,L01,cyclo. Cop.,67,67,425.4223881,104.9892243,0.425422388,0.104989224,6.999770025,9.571743037
31.05.2023,6,D,L01,B.c.,12,12,374.65,88.17144972,0.37465,0.08817145,6.999770025,1.714342037
31.05.2023,6,D,L01,B.l.,113,100,290.439,43.92780325,0.290439,0.043927803,6.999770025,16.14338751
31.05.2023,6,D,L01,Chid. Sphaericus,2,2,267.15,15.62705986,0.26715,0.01562706,6.999770025,0.285723673